timestamp,customer,message,emotion
11-03-2026 23:41,Sarah Connor,"Bracking number says my package was delivered yesterday, but I've checked my porch and asked my neighbors, and it's just not here. Bracking number says my package was delivered yesterday, but I've checked my neighbor's house, and it's just not here.",ANGRY
11-03-2026 23:42,Sarah Connor,What are the steps you are going to take next?,ANGRY
11-03-2026 23:43,Sarah Connor,Is that Jason will be helpful for me?,NEUTRAL
23:51:28,Sarah Connor,"Connor, how can I help? I have been trying to set up my dashboard for three hours. I just don't understand how this works and I feel like giving up.",ANGRY
23:53:11,Sarah Connor,"Connor, how can I help you? I have been trying to set up my dashboard for three hours. I just don't understand how this works and I feel like giving up.",ANGRY
23:55:18,Sarah Connor,I'm here to check out the I have been trying to set up my dashboard for three hours I just don't understand how this works and I feel like giving up,ANGRY
23:57:53,Sarah Connor,"I'm a corner. How can I help? I have been trying, I have been trying to set up my dashboard for three hours. I just don't understand how this works and I feel like giving up.",ANGRY
23:58:20,Sarah Connor,Understand how frustrating it is to spend three hours trying to set up your dashboard and feel like giving up Let's work together to get this sorted out for you right away,NEUTRAL
23:58:43,Sarah Connor,Rubble thinking clearly. One moment. Are you done fix this?,ANGRY
23:59:05,Sarah Connor,Revolving clearly. One moment. Are you gonna fix this?,NEUTRAL
00:00:45,Bruce Wayne,Sweet. How can I help? I have been trying to set up my dashboard for three hours. I just don't understand how this works and I feel like giving up.,ANGRY
00:05:04,Bruce Wayne,Sweet. How can I help? It is completely frustrating in a night.,ANGRY
00:05:32,Bruce Wayne,"And this has been a completely frustrating night for you, Bruce. Please tell me more about what's going on so I can help. I have been trying to set up my dashboard for three hours. I just don't understand how this works, and I feel like giving up.",ANGRY
00:05:57,Bruce Wayne,Only understand how disheartening it must be to spend three hours on this and feel like giving up. Let's troubleshoot this together. I'm here to help you get your dashboard set up. It is completely getting hacked.,ANGRY
00:06:27,Bruce Wayne,I completely understand your frustration after spending three hours on this and I'm very concerned to hear about the hacking. Let's prioritize securing your system right away and then we'll work on getting your dashboard set up. Can you please help me to fix it?,NEUTRAL
00:06:55,Bruce Wayne,"Bruce, I'm ready to help you fix this immediately. Please tell me what you've noticed that makes you believe your system is compromised, so we can address it.",NEUTRAL
00:07:19,Bruce Wayne,"Bruce, I'm ready to help you fix this immediately. Please tell me what you've noticed that makes you believe your system is compromised so we can address it. It is stuck. It is stucking in between so I can't work.",NEUTRAL
00:07:46,Bruce Wayne,"And how frustrating it is when your system gets stuck and prevents you from working. Bruce, To help you get unstuck and secure your system, Please tell me what you've noticed that indicates it's compromised.",NEUTRAL
14-03-2026 02:06,Bhargav,輪廓ycz 5,HAPPY
14-03-2026 02:07,Bhargav,Daniels. Daniels.,NEUTRAL
